model	nDCG	Recall	Precision	Gini	ItemCoverage	EPC	EFD	APLT	ARP
EASER_neighborhood=152_l2_norm=1000$0	0.010748789548293312	0.005954631293302096	0.019735099337748346	0.009776687981726262	124.0	0.01764404152417505	0.20290419555629188	0.23514900662251656	316.60958609271523
