model	nDCG	Recall	Precision	Gini	ItemCoverage	EPC	EFD	APLT	ARP
RP3beta_neighborhood=496_alpha=0$44477903655656115_beta=0$5968193614337285_normalize_similarity=True	0.08648137334983821	0.05143783717390847	0.09584437086092716	0.058229864868573844	1050.0	0.07633808531248058	0.8813940311754469	0.01566225165562914	1297.8351490066227
