model	nDCG	Recall	Precision	Gini	ItemCoverage	EPC	EFD	APLT	ARP
ItemKNN_nn=955_sim=cosine_imp=standard_bin=False_shrink=0_norm=True_asymalpha=_tvalpha=_tvbeta=_rweights=	0.09012921731409546	0.05646198753204228	0.10415562913907286	0.031673130147122364	624.0	0.07988652569189872	0.9295633178298136	0.00478476821192053	1496.6841556291392
