model	nDCG	Recall	Precision	Gini	ItemCoverage	EPC	EFD	APLT	ARP
UserKNN_nn=879_sim=cosine_imp=standard_bin=False_shrink=0_norm=True_asymalpha=_tvalpha=_tvbeta=_rweights=	0.08943017301317017	0.05226772209202978	0.09918874172185431	0.031200814039650804	512.0	0.07395019486694059	0.8751176309938179	0.0010596026490066225	1522.0164735099338
