model	nDCG	Recall	Precision	Gini	ItemCoverage	EPC	EFD	APLT	ARP
NeuMF_seed=42_e=30_bs=128_lr=0$001_mffactors=32_drop=0_mftrain=True_mlptrain=True_m=6	0.07244624357610724	0.048377143905836945	0.08461920529801324	0.12685095854435524	1585.0	0.07146207655026388	0.8195705177129802	0.050049668874172185	1049.2499006622518
