model	nDCG	Recall	Precision	Gini	ItemCoverage	EPC	EFD	APLT	ARP
iALS_seed=42_e=125_bs=-1_factors=127_alpha=34$79960880376472_epsilon=0$8832128533071132_reg=0$023352574146813763_scaling=log	0.05520115669932728	0.04323453031246943	0.0672682119205298	0.16545540620705235	1655.0	0.05723541804386433	0.652734065812256	0.05354304635761589	900.6861589403974
