model	nDCG	Gini	EPC
RP3beta_neighborhood=350_alpha=1$492200236256618_beta=0$40357825944751835_normalize_similarity=False	0.0253552662605133	0.2442943863775019	0.0309744973822618
RP3beta_neighborhood=593_alpha=1$5093628355049231_beta=0$2589280864787509_normalize_similarity=False	0.0430165242822454	0.1642384528180001	0.0470775625501113
RP3beta_neighborhood=496_alpha=0$44477903655656115_beta=0$5968193614337285_normalize_similarity=True	0.0864813733498382	0.0582298648685738	0.0763380853124805
RP3beta_neighborhood=108_alpha=1$7064374496694794_beta=0$6170840765435743_normalize_similarity=True	0.0589398772261798	0.0871383846295128	0.0519395974448256
RP3beta_neighborhood=137_alpha=1$9688014959939781_beta=0$22290825093487943_normalize_similarity=True	0.0722913664017494	0.0603893604848773	0.0646885129649819
RP3beta_neighborhood=803_alpha=0$45173389278169385_beta=0$18291155770623035_normalize_similarity=True	0.0920861079228404	0.0181496431187682	0.0749318748939004
