model	nDCG	APLT
EASER_neighborhood=614_l2_norm=1000$0	0.0107487895482933	0.2351490066225165
