model	nDCG	Gini	EPC
NeuMF_seed=42_e=30_bs=128_lr=0$001_mffactors=32_drop=0_mftrain=True_mlptrain=True_m=6	0.0724462435761072	0.1268509585443552	0.0714620765502638
NeuMF_seed=42_e=30_bs=256_lr=0$001_mffactors=32_drop=0_mftrain=True_mlptrain=True_m=6	0.0733545229465557	0.1117929455526535	0.0702344318860595
NeuMF_seed=42_e=30_bs=128_lr=0$001_mffactors=32_drop=0_mftrain=True_mlptrain=True_m=4	0.072585282786474	0.0968329614281164	0.0716316622303932
NeuMF_seed=42_e=30_bs=64_lr=0$001_mffactors=32_drop=0_mftrain=True_mlptrain=True_m=4	0.0743594680585228	0.0869436357763672	0.0717886084390804
