model	nDCG	Gini	EPC
iALS_seed=42_e=279_bs=-1_factors=186_alpha=49$13929311689185_epsilon=8$015549979153041_reg=0$08761295053767618_scaling=linear	0.0425483372412029	0.2307226079668646	0.0511492040386607
iALS_seed=42_e=68_bs=-1_factors=104_alpha=4$011304820095971_epsilon=0$219147073246499_reg=0$02274333791945149_scaling=linear	0.0327104552517844	0.2393923941336792	0.0358885969069998
iALS_seed=42_e=469_bs=-1_factors=41_alpha=31$000737066972164_epsilon=7$463540180101807_reg=0$04123858831392696_scaling=log	0.0468034585923505	0.2034597951812061	0.051994394759327
iALS_seed=42_e=470_bs=-1_factors=171_alpha=2$035491285784466_epsilon=3$2993359216663074_reg=0$06409875352304664_scaling=linear	0.0539552944065821	0.1755953614939824	0.0567300613219548
iALS_seed=42_e=125_bs=-1_factors=127_alpha=34$79960880376472_epsilon=0$8832128533071132_reg=0$023352574146813763_scaling=log	0.0552011566993272	0.1654554062070523	0.0572354180438643
