model	nDCG	APLT
iALS_seed=42_e=413_bs=-1_factors=23_alpha=27$90086448472899_epsilon=9$844163472489921_reg=0$02202615546286725_scaling=linear	0.0058860192857052	0.6061258278145696
iALS_seed=42_e=315_bs=-1_factors=97_alpha=47$59917348741442_epsilon=4$45706084045807_reg=0$05288802909147688_scaling=linear	0.0131025196574843	0.4891556291390728
iALS_seed=42_e=336_bs=-1_factors=60_alpha=19$38667457040441_epsilon=2$231671287600023_reg=0$05444905333059128_scaling=linear	0.0241916421104346	0.2058774834437086
iALS_seed=42_e=68_bs=-1_factors=104_alpha=4$011304820095971_epsilon=0$219147073246499_reg=0$02274333791945149_scaling=linear	0.0327104552517844	0.1565397350993377
iALS_seed=42_e=469_bs=-1_factors=41_alpha=31$000737066972164_epsilon=7$463540180101807_reg=0$04123858831392696_scaling=log	0.0468034585923505	0.0997682119205298
iALS_seed=42_e=470_bs=-1_factors=171_alpha=2$035491285784466_epsilon=3$2993359216663074_reg=0$06409875352304664_scaling=linear	0.0539552944065821	0.0599006622516556
iALS_seed=42_e=125_bs=-1_factors=127_alpha=34$79960880376472_epsilon=0$8832128533071132_reg=0$023352574146813763_scaling=log	0.0552011566993272	0.0535430463576158
