model	nDCG	Gini	EPC
EASER_neighborhood=614_l2_norm=1000$0	0.0107487895482933	0.0097766879817262	0.017644041524175
