model,MS,SP,ER,HV,C,HV/C
rec_EASER_cutoff_10_relthreshold_1_2024_02_21_16_45_40,0.0,0.0,0.05,0.0025275671846756572,1,0.0025275671846756572
rec_iALS_cutoff_10_relthreshold_1_2024_02_24_10_09_46,0.5547789768374681,0.042597823375016705,0.7,0.012615334176302301,7,0.0018021905966146144
rec_ItemKNN_cutoff_10_relthreshold_1_2024_02_21_23_03_27,0.02656262614035505,0.005182202554621311,0.65,0.0021082260235622246,13,0.00016217123258170958
rec_NeuMF_cutoff_10_relthreshold_1_2024_02_24_17_38_36,0.026724202377618335,0.0007596125892475309,0.3333333333333333,0.0036820370815941056,3,0.001227345693864702
rec_RP3beta_cutoff_10_relthreshold_1_2024_02_21_16_25_22,1.0037442588988748,0.06579197876511168,0.45,0.02193503234897065,9,0.0024372258165522944
rec_UserKNN_cutoff_10_relthreshold_1_2024_02_21_22_38_26,0.21671187817902784,0.05240417351930082,0.75,0.010728271668178095,15,0.000715218111211873
